Source File	Size	loadResources	load	generateSnapshots	load-configure	scan	loadDepInfo	loadInfo	checkR4R4B	generateNarratives	validate	loadLists	checkConformanceResources	checkConformanceResources2	checkConformanceResources3	generateLogicalMaps	validateExpressions	scanForUsageStats	checkURLsUnique	processProvenanceDetails	generate1	generate2	generateLogicals	makeDependencies	generateExampleZip	generateValidationPack	scanProfilesForR5	scanExamplesForR5
\fsh-generated\resources\ImplementationGuide-fhir.org.nz.ig.base.json	61183	-	0	0	0	0	0	0	15	54	0	0	0	0	0	0	0	2	0	0	364	164	0	0	0	6	0	8
fsh-generated/resources/Condition-condition-long-term-condition.json	462	4	0	0	1	0	0	0	0	3	0	0	0	0	0	0	0	0	0	0	45	10	0	0	0	0	0	0
fsh-generated/resources/Coverage-CoverageCSC.json	1112	0	0	0	0	0	0	0	0	0	0	0	0	0	0	0	0	0	0	0	53	11	0	0	0	0	0	0
fsh-generated/resources/Coverage-CoverageGMS.json	1222	1	0	0	0	0	0	0	0	0	0	0	0	0	0	0	0	0	0	0	49	7	0	0	0	0	0	0
fsh-generated/resources/Coverage-CoverageHUHC.json	1147	0	0	0	0	0	0	0	0	0	0	0	0	0	0	0	0	0	0	0	52	7	0	0	0	0	0	0
fsh-generated/resources/Location-location-alias-type.json	557	1	0	0	0	0	0	0	0	1	0	0	0	0	0	0	0	0	0	0	40	7	0	0	0	0	0	0
fsh-generated/resources/Location-location-established.json	300	0	0	0	0	0	0	0	0	0	0	0	0	0	0	0	0	0	0	0	44	6	0	0	0	0	0	0
fsh-generated/resources/MedicationRequest-medicationrequest-nzeps-long-term-medication.json	532	1	0	0	0	0	0	0	0	4	0	0	0	0	0	0	0	0	0	0	51	11	0	0	0	0	0	0
fsh-generated/resources/MedicationRequest-medicationrequest-nzeps-supply-period-reason.json	543	1	0	0	0	0	0	0	0	1	0	0	0	0	0	0	0	0	0	0	42	6	0	0	0	0	0	0
fsh-generated/resources/MedicationRequest-medicationrequest-nzeps-unusual-dose-quantity.json	534	0	0	0	0	0	0	0	0	1	0	0	0	0	0	0	0	0	0	0	71	8	0	0	0	0	0	0
fsh-generated/resources/NamingSystem-acc45-id.json	356	1	8	0	0	1	0	0	0	2	40	0	0	0	1	0	0	0	0	0	51	10	0	0	0	1	0	0
fsh-generated/resources/NamingSystem-chiropractic-board-id.json	822	0	1	0	0	0	0	0	1	1	20	0	0	0	1	0	0	0	0	0	43	12	0	0	0	0	0	1
fsh-generated/resources/NamingSystem-dental-council-id.json	811	0	1	0	0	0	0	0	0	1	12	0	0	0	0	0	0	0	0	0	45	9	0	0	0	0	0	0
fsh-generated/resources/NamingSystem-dietitians-board-id.json	815	1	1	0	0	0	0	0	0	1	14	0	0	0	1	0	0	0	0	0	46	9	0	0	0	0	0	0
fsh-generated/resources/NamingSystem-hpi-facility-id.json	1141	0	6	0	1	0	0	0	0	1	15	0	0	0	1	0	0	0	0	0	41	9	0	0	0	0	0	0
fsh-generated/resources/NamingSystem-hpi-nzbn.json	706	0	1	0	0	0	0	0	0	1	12	0	0	0	0	0	0	0	0	0	33	9	0	0	0	0	0	0
fsh-generated/resources/NamingSystem-hpi-organisation-id.json	1237	1	1	0	0	0	0	0	0	1	16	0	0	0	1	0	0	0	0	0	55	10	0	0	0	0	0	0
fsh-generated/resources/NamingSystem-hpi-person-id.json	920	0	0	0	0	0	0	0	0	2	12	0	0	0	0	0	0	0	0	0	47	9	0	0	0	0	0	0
fsh-generated/resources/NamingSystem-medical-council-id.json	823	0	1	0	0	0	0	0	0	1	21	0	0	0	1	0	0	0	0	0	34	9	0	0	0	0	0	0
fsh-generated/resources/NamingSystem-medical-radiation-technologists-board-id.json	806	1	1	0	0	0	0	0	0	1	10	0	0	0	1	0	0	0	0	0	40	9	0	0	0	1	0	0
fsh-generated/resources/NamingSystem-medical-sciences-council-id.json	763	0	1	0	0	0	0	0	0	1	9	0	0	0	1	0	0	0	0	0	46	9	0	0	0	0	0	0
fsh-generated/resources/NamingSystem-midwifery-council-id.json	821	0	0	0	0	0	0	0	0	1	10	0	0	0	0	0	0	0	0	0	52	9	0	0	0	0	0	0
fsh-generated/resources/NamingSystem-moe-facility-id.json	1372	0	2	0	4	0	0	0	1	4	9	0	0	0	0	0	0	0	0	0	41	15	0	0	0	0	0	0
fsh-generated/resources/NamingSystem-nhi-id.json	541	1	0	0	0	0	0	0	0	1	10	0	0	0	1	0	0	0	0	0	52	9	0	0	0	0	0	0
fsh-generated/resources/NamingSystem-nursing-council-id.json	823	0	1	0	0	0	0	0	0	2	9	0	0	0	1	0	0	0	0	0	35	9	0	0	0	0	0	0
fsh-generated/resources/NamingSystem-nz-address-id.json	1034	0	1	0	0	0	0	0	0	1	9	0	0	0	0	0	0	0	0	0	60	10	0	0	0	0	0	0
fsh-generated/resources/NamingSystem-occupational-therapy-board-id.json	845	1	1	0	0	0	0	0	0	1	8	0	0	0	1	0	0	0	0	0	46	10	0	0	0	0	0	0
fsh-generated/resources/NamingSystem-optometrists-dispensing-opticians-board-id.json	886	0	0	0	0	0	0	0	0	1	7	0	0	0	0	0	0	0	0	0	49	9	0	0	0	0	0	0
fsh-generated/resources/NamingSystem-osteopathic-council-id.json	823	0	1	0	0	0	0	0	0	1	7	0	0	0	1	0	0	0	0	0	41	9	0	0	0	1	0	0
fsh-generated/resources/NamingSystem-paramedic-council-id.json	742	1	0	0	0	0	0	0	0	1	6	0	0	0	1	0	0	0	0	0	46	9	0	0	0	0	0	0
fsh-generated/resources/NamingSystem-pharmacy-council-id.json	917	0	1	0	0	0	0	0	0	1	8	0	0	0	1	0	0	0	0	0	78	9	0	0	0	0	0	0
fsh-generated/resources/NamingSystem-physiotherapy-board-id.json	826	0	1	0	0	0	0	0	0	1	6	0	0	0	0	0	0	0	0	0	57	10	0	0	0	0	0	0
fsh-generated/resources/NamingSystem-podiatrists-board-id.json	477	0	1	0	0	0	0	0	0	4	6	0	0	0	1	0	0	0	0	0	51	8	0	0	0	0	1	0
fsh-generated/resources/NamingSystem-psychologists-board-id.json	825	0	0	0	0	0	0	0	0	1	6	0	0	0	1	0	0	0	0	0	40	9	0	0	0	0	0	0
fsh-generated/resources/NamingSystem-psychotherapists-board-id.json	835	1	1	0	0	0	0	0	0	1	16	0	0	0	1	0	0	0	0	0	47	9	0	0	0	0	0	0
fsh-generated/resources/NamingSystem-rheumatic-fever-ccs-id.json	1133	0	0	0	0	0	0	0	0	2	8	0	0	0	0	0	0	0	0	0	47	10	0	0	0	0	0	0
fsh-generated/resources/NamingSystem-sdhr-id.json	1188	0	2	0	0	0	0	0	1	1	6	0	0	0	1	0	0	0	0	0	38	8	0	0	0	0	0	0
fsh-generated/resources/Organization-organization-edi-address.json	502	1	0	0	0	0	0	0	0	3	0	0	0	0	0	0	0	0	0	0	45	8	0	0	0	0	0	0
fsh-generated/resources/Organization-organization-funded-programme.json	916	1	0	0	0	0	0	0	0	1	0	0	0	0	0	0	0	0	0	0	50	7	0	0	1	0	0	0
fsh-generated/resources/Organization-organization-moh.json	97	0	0	0	0	0	0	0	0	0	0	0	0	0	0	0	0	0	0	0	31	6	0	0	0	0	0	0
fsh-generated/resources/Patient-patient-address-building-name.json	862	0	0	0	0	0	0	0	0	1	0	0	0	0	0	0	0	0	0	0	43	9	0	0	0	0	0	0
fsh-generated/resources/Patient-patient-address-suburb.json	978	1	0	0	0	0	0	0	0	1	0	0	0	0	0	0	0	0	0	0	37	6	0	0	0	0	0	0
fsh-generated/resources/Patient-patient-building-name.json	505	0	0	0	0	0	0	0	0	0	0	0	0	0	0	0	0	0	0	0	52	6	0	0	0	0	0	0
fsh-generated/resources/Patient-patient-deceased-information-source.json	767	0	0	0	0	0	0	0	0	1	0	0	0	0	0	0	0	0	0	0	40	6	0	0	0	0	0	1
fsh-generated/resources/Patient-patient-dhb.json	575	1	0	0	0	0	0	0	0	0	0	0	0	0	0	0	0	0	0	0	46	6	0	0	0	0	0	0
fsh-generated/resources/Patient-patient-domicile-code.json	570	0	0	0	0	0	0	0	0	0	0	0	0	0	0	0	0	0	0	0	40	6	0	0	0	0	0	0
fsh-generated/resources/Patient-patient-information-source.json	1064	0	0	0	0	0	0	0	0	1	0	0	0	0	0	0	0	0	0	0	47	6	0	0	0	0	0	0
fsh-generated/resources/Patient-patient-messaging-address.json	549	1	0	0	0	0	0	0	0	0	0	0	0	0	0	0	0	0	0	0	41	5	0	0	0	0	0	0
fsh-generated/resources/Patient-patient-nhi.json	959	0	0	0	0	0	0	0	0	301	0	0	0	0	0	0	0	0	0	0	51	6	0	0	0	0	0	0
fsh-generated/resources/Patient-patient-nz-citizenship.json	1028	0	0	0	1	0	0	0	0	1	0	0	0	0	0	0	0	0	0	0	40	6	0	0	0	0	0	0
fsh-generated/resources/Patient-patient-nz-ethnicity.json	911	1	0	0	0	0	0	0	0	0	0	0	0	0	0	0	0	0	0	0	40	6	0	0	0	0	0	0
fsh-generated/resources/Patient-patient-nz-geocode.json	666	0	0	0	0	0	0	0	0	1	0	0	0	0	0	0	0	0	0	0	47	7	0	0	0	0	0	0
fsh-generated/resources/Patient-patient-nz-residency.json	1030	0	0	0	0	0	0	0	0	0	0	0	0	0	0	0	0	0	0	0	33	5	0	0	0	0	0	0
fsh-generated/resources/Patient-patient-pho.json	568	1	0	0	0	0	0	0	0	0	0	0	0	0	0	0	0	0	0	0	45	6	0	0	0	0	0	0
fsh-generated/resources/Patient-patient-sex-at-birth.json	527	0	0	0	0	0	0	0	0	30	0	0	0	0	0	0	0	0	0	0	53	6	0	0	0	0	0	0
fsh-generated/resources/Patient-patient-suburb.json	478	0	0	0	0	0	0	0	0	0	0	0	0	0	0	0	0	0	0	0	66	6	0	0	0	0	0	0
fsh-generated/resources/Practitioner-practitioner-additional-authorisation.json	1181	1	0	0	0	0	0	0	1	4	0	0	0	0	0	0	0	0	0	0	38	8	0	0	0	0	0	0
fsh-generated/resources/Practitioner-practitioner-condition-on-practice.json	930	0	0	0	0	0	0	0	0	1	0	0	0	0	0	0	0	0	0	0	41	6	0	0	0	0	0	0
fsh-generated/resources/Practitioner-practitioner-death-date.json	754	0	0	0	0	0	0	0	0	0	0	0	0	0	0	0	0	0	0	0	52	6	0	0	0	0	0	0
fsh-generated/resources/Practitioner-practitioner-edi-address.json	529	1	0	0	0	0	0	0	0	1	0	0	0	0	0	0	0	0	0	0	45	6	0	0	0	0	0	0
fsh-generated/resources/Practitioner-practitioner-educational-qualification.json	1375	0	0	0	0	0	0	0	0	1	0	0	0	0	0	0	0	0	0	0	41	7	0	0	0	0	0	0
fsh-generated/resources/Practitioner-practitioner-registration-initial-date.json	641	0	0	0	0	0	0	0	0	1	0	0	0	0	0	0	0	0	0	0	46	5	0	0	0	0	0	0
fsh-generated/resources/Practitioner-practitioner-registration-status-code.json	1281	0	0	0	0	0	0	0	0	0	0	0	0	0	0	0	0	0	0	0	47	6	0	0	0	0	0	0
fsh-generated/resources/Practitioner-practitioner-scope-of-practice.json	1197	0	0	0	0	0	0	0	0	1	0	0	0	0	0	0	0	0	0	0	41	6	0	0	0	0	0	0
fsh-generated/resources/PractitionerRole-practitionerRole-creator.json	930	1	0	0	0	0	0	0	0	1	0	0	0	0	0	0	0	0	0	0	46	14	0	0	0	0	0	0
fsh-generated/resources/PractitionerRole-practitionerRole-messaging-address.json	395	0	0	0	0	0	0	0	0	0	0	0	0	0	0	0	0	0	0	0	39	6	0	0	0	0	0	0
fsh-generated/resources/PractitionerRole-practitionerRole-status-reason.json	493	0	0	0	0	0	0	0	0	0	0	0	0	0	0	0	0	0	0	0	42	6	0	0	0	0	0	0
fsh-generated/resources/StructureDefinition-NzAddress.json	3174	1	0	26	0	0	0	0	0	0	0	0	0	0	1	0	0	0	0	0	87	498	0	0	0	2	0	1
fsh-generated/resources/StructureDefinition-NzCondition.json	1449	1	0	17	0	0	0	0	0	58	0	0	1	0	0	0	0	1	0	0	194	290	0	0	0	2	0	1
fsh-generated/resources/StructureDefinition-NzContactPoint.json	1377	0	0	5	0	0	0	0	0	0	0	0	0	0	1	0	0	0	0	0	63	101	0	0	0	0	0	0
fsh-generated/resources/StructureDefinition-NzCoverage.json	1511	0	0	14	0	0	0	0	0	0	0	0	0	0	0	0	0	0	0	0	156	240	0	0	0	3	0	2
fsh-generated/resources/StructureDefinition-NzHealthcareService.json	2618	1	0	21	0	0	0	0	1	13	0	0	0	0	1	0	0	0	0	0	208	288	0	1	0	3	0	0
fsh-generated/resources/StructureDefinition-NzLocation.json	3535	0	0	20	0	0	0	0	0	21	0	0	0	0	0	0	0	0	0	0	200	254	0	0	0	2	0	1
fsh-generated/resources/StructureDefinition-NzMedication.json	1953	1	0	12	0	0	0	0	0	5518	0	0	0	0	1	0	0	1	0	0	156	193	0	0	0	3	0	1
fsh-generated/resources/StructureDefinition-NzMedicationDispense.json	1529	0	0	17	0	0	0	0	0	10	0	0	0	0	1	0	0	0	0	0	188	165	0	0	0	3	0	1
fsh-generated/resources/StructureDefinition-NzMedicationRequest.json	3147	1	0	22	0	0	0	0	0	9	0	0	0	0	0	0	0	0	0	0	257	216	0	0	0	4	0	1
fsh-generated/resources/StructureDefinition-NzMedicationStatement.json	2304	0	0	10	0	0	0	0	0	5	0	0	0	0	1	0	0	1	0	0	162	117	0	0	0	2	0	1
fsh-generated/resources/StructureDefinition-NzOrganization.json	2915	0	0	12	0	0	0	0	0	7	0	0	0	0	1	0	0	0	0	0	166	119	0	0	0	3	0	0
fsh-generated/resources/StructureDefinition-NzPatient.json	10446	1	0	79	0	0	1	0	0	0	0	0	0	0	0	0	0	1	0	0	240	296	0	0	0	4	1	2
fsh-generated/resources/StructureDefinition-NzPractitioner.json	5510	1	0	17	0	0	0	0	0	27	0	0	0	0	1	0	0	0	0	0	202	153	0	0	0	2	0	1
fsh-generated/resources/StructureDefinition-NzPractitionerRole.json	2342	0	0	9	1	0	0	0	0	6	0	0	1	0	1	0	0	0	0	0	166	124	0	0	0	2	0	1
fsh-generated/resources/StructureDefinition-NzRelatedPerson.json	1169	1	0	5	0	0	0	0	0	0	0	0	0	0	0	0	0	0	0	0	107	106	0	0	0	1	0	0
fsh-generated/resources/StructureDefinition-acc-patient-occupation.json	1949	0	0	1	0	0	0	0	0	5	0	0	0	0	1	0	0	1	0	0	93	77	0	0	0	1	0	1
fsh-generated/resources/StructureDefinition-additional-authorisation.json	3299	1	0	2	0	0	0	0	0	16	0	0	0	0	1	0	0	0	0	0	138	110	0	0	0	1	0	0
fsh-generated/resources/StructureDefinition-alias-type.json	1708	0	0	1	0	0	0	0	0	8	0	0	0	0	0	0	0	0	0	0	78	115	0	0	0	1	0	0
fsh-generated/resources/StructureDefinition-building-name.json	1727	0	0	1	0	0	0	0	0	3	0	0	0	0	1	0	0	0	0	0	86	80	0	0	0	0	0	0
fsh-generated/resources/StructureDefinition-condition-on-practice.json	2810	0	0	2	0	0	0	0	0	7	0	0	0	0	0	0	0	0	0	0	138	82	0	0	0	1	0	1
fsh-generated/resources/StructureDefinition-contactpoint-purpose.json	2271	1	0	1	0	0	0	0	0	3	0	0	0	0	1	0	0	0	0	0	85	71	0	0	0	0	0	0
fsh-generated/resources/StructureDefinition-country-name.json	1724	0	0	1	0	0	0	0	0	3	0	0	0	0	0	0	0	0	0	0	79	69	0	0	0	1	0	0
fsh-generated/resources/StructureDefinition-death-date.json	3232	0	0	3	0	0	0	0	0	8	0	0	0	0	1	0	0	0	0	0	136	88	0	0	0	1	0	0
fsh-generated/resources/StructureDefinition-dhb.json	3533	2	0	1	0	0	0	0	0	4	0	0	0	0	1	0	0	0	0	0	83	92	0	0	0	1	0	1
fsh-generated/resources/StructureDefinition-domicile-code.json	2023	0	0	1	0	0	0	0	0	4	0	0	0	0	0	0	0	0	0	0	109	84	0	0	0	1	0	0
fsh-generated/resources/StructureDefinition-edi-address.json	2243	0	0	2	0	0	0	0	0	2	0	0	0	0	1	0	0	0	0	0	84	72	0	0	0	0	0	0
fsh-generated/resources/StructureDefinition-educational-qualification.json	7092	1	0	4	0	0	0	0	0	12	0	0	0	0	0	0	0	1	0	0	252	116	0	0	0	2	0	1
fsh-generated/resources/StructureDefinition-established.json	1437	0	0	1	0	0	0	0	0	4	0	0	0	0	2	0	0	0	0	0	88	83	0	0	0	1	0	0
fsh-generated/resources/StructureDefinition-funded-programme.json	4405	1	0	3	0	0	0	0	0	9	0	0	0	0	0	0	0	0	0	0	156	98	0	0	0	1	0	0
fsh-generated/resources/StructureDefinition-gender-original-text.json	1526	0	0	1	0	0	0	0	0	4	0	0	0	0	2	0	0	0	0	0	95	93	0	0	0	1	0	1
fsh-generated/resources/StructureDefinition-information-source.json	2113	1	0	1	0	0	0	0	0	3	0	0	0	0	0	0	0	0	0	0	86	77	0	0	0	0	0	0
fsh-generated/resources/StructureDefinition-long-term-condition.json	2597	0	0	1	0	0	0	0	0	4	0	0	0	0	1	0	0	0	0	0	77	84	0	0	0	1	0	0
fsh-generated/resources/StructureDefinition-maori-descent.json	1374	1	0	1	0	0	0	0	0	4	0	0	0	0	0	0	0	0	0	0	86	80	0	0	0	0	0	0
fsh-generated/resources/StructureDefinition-messaging-address.json	3206	0	0	2	0	0	0	0	0	8	0	0	0	0	1	0	0	0	0	0	131	90	0	0	0	1	0	0
fsh-generated/resources/StructureDefinition-nz-citizenship.json	3228	1	0	2	0	0	0	0	0	7	0	0	0	0	1	0	0	0	0	0	139	86	0	0	0	1	0	1
fsh-generated/resources/StructureDefinition-nz-ethnicity.json	2842	0	0	18	0	0	0	0	0	4	0	0	0	0	1	0	0	0	0	0	101	70	0	0	0	1	0	0
fsh-generated/resources/StructureDefinition-nz-geocode.json	4084	1	0	6	0	0	0	0	0	7	0	0	0	0	0	0	0	0	0	0	175	88	0	0	0	1	0	0
fsh-generated/resources/StructureDefinition-nz-iwi.json	1575	0	0	1	0	0	0	0	0	2	0	0	0	0	1	0	0	1	0	0	96	75	0	0	0	1	0	1
fsh-generated/resources/StructureDefinition-nz-residency.json	2852	1	0	2	1	0	0	0	0	7	0	0	0	0	1	0	0	0	0	0	137	108	0	0	0	1	1	0
fsh-generated/resources/StructureDefinition-nzeps-long-term-medication.json	2365	0	0	2	0	0	0	0	0	3	0	0	0	0	0	0	0	0	0	0	76	70	0	0	0	0	0	0
fsh-generated/resources/StructureDefinition-nzeps-supply-period-reason.json	2209	0	0	1	0	0	0	0	0	4	0	0	0	0	1	0	0	0	0	0	93	70	0	0	0	1	0	0
fsh-generated/resources/StructureDefinition-nzeps-unusual-dose-quantity.json	2257	1	0	2	0	0	0	0	0	3	0	0	0	0	0	0	0	0	0	0	91	70	0	0	0	0	0	0
fsh-generated/resources/StructureDefinition-nzf-atc.json	1933	1	0	1	0	0	0	0	0	3	0	0	0	0	1	0	0	0	0	0	101	68	0	0	0	1	0	1
fsh-generated/resources/StructureDefinition-nzf-nzmt-type.json	2056	0	0	1	0	0	0	0	0	2	0	0	0	0	0	0	0	0	0	0	82	76	0	0	0	1	0	0
fsh-generated/resources/StructureDefinition-pho.json	3481	0	0	1	0	0	0	0	0	4	0	0	0	0	2	0	0	0	0	0	102	69	0	0	0	0	0	0
fsh-generated/resources/StructureDefinition-practitionerRole-creator.json	3052	0	0	2	0	0	0	0	0	8	0	0	0	0	0	0	0	0	0	0	190	84	0	0	0	1	0	0
fsh-generated/resources/StructureDefinition-practitionerRole-status-reason.json	1657	1	0	1	0	0	0	0	0	3	0	0	0	0	1	0	0	0	0	0	95	78	0	0	0	0	0	1
fsh-generated/resources/StructureDefinition-registration-initial-date.json	1520	0	0	1	0	0	0	0	0	3	0	0	0	0	0	0	0	0	0	0	91	67	0	0	0	1	0	0
fsh-generated/resources/StructureDefinition-registration-status-code.json	2981	1	0	2	0	0	0	0	0	6	0	0	0	0	1	0	0	0	0	0	137	79	0	0	0	1	0	1
fsh-generated/resources/StructureDefinition-scope-of-practice.json	3028	0	0	3	0	0	0	0	0	5	0	0	0	0	0	0	0	0	0	0	131	80	0	0	0	1	0	0
fsh-generated/resources/StructureDefinition-sex-at-birth.json	1931	1	0	1	0	0	0	0	0	3	0	0	0	0	1	0	0	1	0	0	90	72	0	0	0	1	0	0
fsh-generated/resources/StructureDefinition-suburb.json	2331	0	0	2	0	0	0	0	0	2	0	0	0	0	1	0	0	0	0	0	103	66	0	0	0	0	0	0
input/vocabulary/Ethnicity-CodeSystem.json	371012	17	0	0	0	0	0	0	22	0	0	0	1	0	0	0	0	1	0	0	472	2998	0	0	0	8	0	5
input/vocabulary/Ethnicityfull-ValueSet.json	1595	1	0	0	0	0	0	0	0	0	0	0	0	0	1	0	0	0	0	0	42	1917	0	0	0	0	0	0
input/vocabulary/MaoriDescentValueset-ValueSet.json	1342	0	0	0	0	0	0	0	0	0	0	0	0	0	0	0	0	0	0	0	46	1856	0	0	0	0	0	0
input/vocabulary/acc-patient-occupation-ValueSet.json	1343	0	0	0	0	0	0	0	0	0	0	0	0	0	1	0	0	0	0	0	45	1973	0	0	0	0	0	0
input/vocabulary/acc-patient-occupation-code-CodeSystem.json	887155	43	0	0	2	0	0	0	44	0	0	0	3	0	1	0	0	6	0	0	1104	2827	0	0	0	57	0	14
input/vocabulary/alias-type-CodeSystem.json	2326	1	0	0	0	0	0	0	0	0	0	0	0	0	0	0	0	0	0	0	45	1879	0	0	0	0	0	0
input/vocabulary/citizenship-status-CodeSystem.json	1576	0	0	0	0	0	0	0	0	0	0	0	0	0	0	0	0	0	0	0	45	1843	0	0	0	0	0	0
input/vocabulary/contact-point-purpose-CodeSystem.json	1710	1	0	0	1	0	0	0	0	0	0	0	0	0	1	0	0	0	0	0	48	1821	0	0	0	0	0	0
input/vocabulary/contact-point-purpose-ValueSet.json	1456	0	0	0	0	0	0	0	0	1	0	0	0	0	1	0	0	0	0	0	45	1857	0	0	0	1	0	0
input/vocabulary/coverage-category-CodeSystem.json	1332	0	0	0	0	0	0	0	0	0	0	0	0	0	1	0	0	0	0	0	39	1843	0	0	0	0	0	0
input/vocabulary/coverage-category-ValueSet.json	1257	0	0	0	0	0	0	0	0	0	0	0	0	0	0	0	0	0	0	0	40	1859	0	0	0	0	0	0
input/vocabulary/coverage-type-CodeSystem.json	1636	1	0	0	0	0	0	0	0	0	0	0	0	0	1	0	0	0	0	0	52	1854	0	0	0	0	0	0
input/vocabulary/coverage-type-code-ValueSet.json	1216	0	0	0	0	0	0	0	0	0	0	0	0	0	0	0	0	0	0	0	48	1865	0	0	0	0	0	0
input/vocabulary/datum-code-CodeSystem.json	1405	0	0	0	0	0	0	0	0	0	0	0	0	0	1	0	0	0	0	0	46	1849	0	0	0	0	0	0
input/vocabulary/datumCode-ValueSet.json	1305	1	0	0	0	0	0	0	0	0	0	0	0	0	1	0	0	0	0	0	40	1866	0	0	0	0	0	0
input/vocabulary/dhb-ValueSet.json	1363	0	0	0	0	0	0	0	0	0	0	0	0	0	0	0	0	0	0	0	44	1864	0	0	0	0	0	0
input/vocabulary/dhb-code-CodeSystem.json	3177	0	0	0	0	0	0	0	0	0	0	0	0	0	1	0	0	0	0	0	48	1863	0	0	0	1	0	0
input/vocabulary/dod-information-source-code-ValueSet.json	2084	0	0	0	0	0	0	0	0	0	0	0	0	0	1	0	0	0	0	0	53	1872	0	0	0	0	0	0
input/vocabulary/domicile-code-CodeSystem.json	147256	19	0	0	0	0	0	0	9	0	0	0	1	0	0	0	0	1	0	0	211	1954	0	0	0	6	0	2
input/vocabulary/domicile-code-ValueSet.json	1147	1	0	0	0	0	0	0	0	0	0	0	0	0	1	0	0	0	0	0	53	1889	0	0	0	0	0	0
input/vocabulary/ethnicity-ValueSet.json	1595	0	0	0	0	0	0	0	0	0	0	0	0	0	1	0	0	0	0	0	47	1870	0	0	0	1	0	0
input/vocabulary/ethnicityL4-CodeSystem.json	15174	1	0	0	0	0	0	0	1	0	0	0	0	0	0	0	0	0	0	0	61	1863	0	0	0	1	0	1
input/vocabulary/funded-programme-CodeSystem.json	1681	0	0	0	0	0	0	0	0	0	0	0	0	0	1	0	0	0	0	0	49	1859	0	0	0	0	0	0
input/vocabulary/funded-programme-ValueSet.json	1273	1	0	0	0	0	0	0	0	0	0	0	0	0	0	0	0	0	0	0	34	1859	0	0	0	0	0	0
input/vocabulary/hpi-practitionerRole-status-reason-CodeSystem.json	1812	0	0	0	0	0	0	0	0	0	0	0	0	0	1	0	0	0	0	0	39	1851	0	0	0	0	0	0
input/vocabulary/hpi-practitionerrole-status-reason-ValueSet.json	1542	0	0	0	0	0	0	0	0	0	0	0	0	0	0	0	0	0	0	0	45	1865	0	0	0	0	0	0
input/vocabulary/information-source-CodeSystem.json	5213	1	0	0	0	0	0	0	1	0	0	0	0	0	1	0	0	0	0	0	49	1855	0	0	0	0	0	0
input/vocabulary/information-source-ValueSet.json	1286	0	0	0	1	0	0	0	0	0	0	0	0	0	1	0	0	0	0	0	47	1863	0	0	0	0	0	0
input/vocabulary/iwi-ValueSet.json	1411	0	0	0	0	0	0	0	0	0	0	0	0	0	0	0	0	0	0	0	40	1844	0	0	0	0	0	0
input/vocabulary/iwi-code-CodeSystem.json	1376685	57	0	0	0	0	0	0	41	0	0	0	0	0	1	0	0	6	0	0	1344	2148	0	0	0	27	0	18
input/vocabulary/maoridescentcode-CodeSystem.json	1960	1	0	0	0	0	0	0	0	0	1	0	0	0	0	0	0	0	0	0	54	1864	0	0	0	0	0	0
input/vocabulary/nhi-use-ValueSet.json	2187	1	0	0	0	0	0	0	0	0	0	0	0	0	1	0	0	0	0	0	58	1869	0	0	0	1	0	0
input/vocabulary/nz-citizenship-status-code-ValueSet.json	1204	0	0	0	0	0	0	0	0	0	0	0	0	0	1	0	0	0	0	0	54	1840	0	0	0	0	0	0
input/vocabulary/nz-relationship-codes-CodeSystem.json	1430	0	0	0	0	0	0	0	0	0	0	0	0	0	0	0	0	0	0	0	47	1836	0	0	0	0	0	0
input/vocabulary/nz-relationship-type-ValueSet.json	1455	0	0	0	0	0	0	0	0	0	0	0	0	0	1	0	0	0	0	0	48	1879	0	0	0	0	0	0
input/vocabulary/nz-residency-CodeSystem.json	1706	1	0	0	0	0	0	0	0	0	0	0	0	0	1	0	0	0	0	0	42	1859	0	0	0	0	0	0
input/vocabulary/nz-residency-code-ValueSet.json	1205	0	0	0	0	0	0	0	0	0	0	0	0	0	0	0	0	0	0	0	67	1862	0	0	0	0	0	0
input/vocabulary/org-and-location-alias-type-ValueSet.json	1283	0	0	0	0	0	0	0	0	0	0	0	0	0	0	0	0	0	0	0	46	1866	0	0	0	0	0	0
input/vocabulary/pho-ValueSet.json	1132	1	0	0	0	0	0	0	0	0	0	0	0	0	2	0	0	0	0	0	47	1867	0	0	0	1	0	0
input/vocabulary/pho-status-CodeSystem.json	3785	0	0	0	0	0	0	0	0	0	0	0	0	0	1	0	0	0	0	0	57	1851	0	0	0	0	0	0
input/vocabulary/practitioner-additional-authorisation-CodeSystem.json	9368	0	0	0	0	0	0	0	1	0	0	0	0	0	0	0	0	0	0	0	56	1862	0	0	0	0	0	0
input/vocabulary/practitioner-additional-authorisation-code-ValueSet.json	1562	0	0	0	0	0	0	0	0	0	0	0	0	0	1	0	0	0	0	0	35	1863	0	0	0	0	0	0
input/vocabulary/practitioner-registration-status-code-CodeSystem.json	2205	2	0	0	0	0	0	0	0	0	0	0	0	0	0	0	0	0	0	0	46	1870	0	0	0	0	0	0
input/vocabulary/practitioner-registration-status-code-ValueSet.json	1674	0	0	0	0	0	0	0	0	0	0	0	0	0	1	0	0	0	0	0	40	1850	0	0	0	0	0	0
input/vocabulary/practitioner-scope-of-practice-ValueSet.json	1465	0	0	0	0	0	0	0	0	0	0	0	0	0	1	0	0	0	0	0	49	1876	0	0	0	1	0	0
input/vocabulary/scopeOfPractice-CodeSystem.json	13417	1	0	0	0	0	0	0	0	0	0	0	0	0	0	0	0	0	0	0	70	1856	0	0	0	0	0	0
D:\publication\temp\ig-builds\fhir.org.nz.ig.base#3.1.0\fsh-generated\includes\fsh-link-references.md	10092	-	-	-	0	0	0	0	0	0	0	0	0	0	0	0	0	0	0	0	1	1	0	0	0	0	0	0
D:\publication\temp\ig-builds\fhir.org.nz.ig.base#3.1.0\fsh-generated\includes\menu.xml	1845	-	-	-	0	0	0	0	0	0	0	0	0	0	0	0	0	0	0	0	0	0	0	0	0	0	0	0
D:\publication\temp\ig-builds\fhir.org.nz.ig.base#3.1.0\input\pagecontent\extensions.md	858	-	-	-	0	0	0	0	0	0	0	0	0	0	0	0	0	0	0	0	0	6	0	0	0	0	0	0
D:\publication\temp\ig-builds\fhir.org.nz.ig.base#3.1.0\input\pagecontent\index.md	5616	-	-	-	0	0	0	0	0	0	0	0	0	0	0	0	0	0	0	0	0	0	0	0	0	0	0	0
D:\publication\temp\ig-builds\fhir.org.nz.ig.base#3.1.0\input\pagecontent\namingSystems.md	1124	-	-	-	0	0	0	0	0	0	0	0	0	0	0	0	0	0	0	0	0	3	0	0	0	0	0	0
D:\publication\temp\ig-builds\fhir.org.nz.ig.base#3.1.0\input\pagecontent\profiles.md	530	-	-	-	0	0	0	0	0	0	0	0	0	0	0	0	0	0	0	0	0	1	0	0	0	0	0	0
D:\publication\temp\ig-builds\fhir.org.nz.ig.base#3.1.0\input\pagecontent\StructureDefinition-additional-authorisation-intro.md	965	-	-	-	0	0	0	0	0	0	0	0	0	0	0	0	0	0	0	0	0	0	0	0	0	0	0	0
D:\publication\temp\ig-builds\fhir.org.nz.ig.base#3.1.0\input\pagecontent\StructureDefinition-alias-type-intro.md	526	-	-	-	0	0	0	0	0	0	0	0	0	0	0	0	0	0	0	0	0	0	0	0	0	0	0	0
D:\publication\temp\ig-builds\fhir.org.nz.ig.base#3.1.0\input\pagecontent\StructureDefinition-building-name-intro.md	368	-	-	-	0	0	0	0	0	0	0	0	0	0	0	0	0	0	0	0	0	1	0	0	0	0	0	0
D:\publication\temp\ig-builds\fhir.org.nz.ig.base#3.1.0\input\pagecontent\StructureDefinition-condition-on-practice-intro.md	753	-	-	-	0	0	0	0	0	0	0	0	0	0	0	0	0	0	0	0	0	0	0	0	0	0	0	0
D:\publication\temp\ig-builds\fhir.org.nz.ig.base#3.1.0\input\pagecontent\StructureDefinition-coverage-intro.md	334	-	-	-	0	0	0	0	0	0	0	0	0	0	0	0	0	0	0	0	0	0	0	0	0	0	0	0
D:\publication\temp\ig-builds\fhir.org.nz.ig.base#3.1.0\input\pagecontent\StructureDefinition-death-date-intro.md	601	-	-	-	0	0	0	0	0	0	0	0	0	0	0	0	0	0	0	0	0	0	0	0	0	0	0	0
D:\publication\temp\ig-builds\fhir.org.nz.ig.base#3.1.0\input\pagecontent\StructureDefinition-dhb-intro.md	436	-	-	-	0	0	0	0	0	0	0	0	0	0	0	0	0	0	0	0	0	0	0	0	0	0	0	0
D:\publication\temp\ig-builds\fhir.org.nz.ig.base#3.1.0\input\pagecontent\StructureDefinition-domicile-code-intro.md	466	-	-	-	0	0	0	0	0	0	0	0	0	0	0	0	0	0	0	0	0	0	0	0	0	0	0	0
D:\publication\temp\ig-builds\fhir.org.nz.ig.base#3.1.0\input\pagecontent\StructureDefinition-edi-address-intro.md	1177	-	-	-	0	0	0	0	0	0	0	0	0	0	0	0	0	0	0	0	0	1	0	0	0	0	0	0
D:\publication\temp\ig-builds\fhir.org.nz.ig.base#3.1.0\input\pagecontent\StructureDefinition-educational-qualification-intro.md	1138	-	-	-	0	0	0	0	0	0	0	0	0	0	0	0	0	0	0	0	0	0	0	0	0	0	0	0
D:\publication\temp\ig-builds\fhir.org.nz.ig.base#3.1.0\input\pagecontent\StructureDefinition-established-intro.md	437	-	-	-	0	0	0	0	0	0	0	0	0	0	0	0	0	0	0	0	0	0	0	0	0	0	0	0
D:\publication\temp\ig-builds\fhir.org.nz.ig.base#3.1.0\input\pagecontent\StructureDefinition-funded-programme-intro.md	945	-	-	-	0	0	0	0	0	0	0	0	0	0	0	0	0	0	0	0	0	0	0	0	0	0	0	0
D:\publication\temp\ig-builds\fhir.org.nz.ig.base#3.1.0\input\pagecontent\StructureDefinition-information-source-intro.md	632	-	-	-	0	0	0	0	0	0	0	0	0	0	0	0	0	0	0	0	0	0	0	0	0	0	0	0
D:\publication\temp\ig-builds\fhir.org.nz.ig.base#3.1.0\input\pagecontent\StructureDefinition-long-term-condition-intro.md	303	-	-	-	0	0	0	0	0	0	0	0	0	0	0	0	0	0	0	0	0	1	0	0	0	0	0	0
D:\publication\temp\ig-builds\fhir.org.nz.ig.base#3.1.0\input\pagecontent\StructureDefinition-messaging-address-intro.md	442	-	-	-	0	0	0	0	0	0	0	0	0	0	0	0	0	0	0	0	0	0	0	0	0	0	0	0
D:\publication\temp\ig-builds\fhir.org.nz.ig.base#3.1.0\input\pagecontent\StructureDefinition-nz-citizenship-intro.md	875	-	-	-	0	0	0	0	0	0	0	0	0	0	0	0	0	0	0	0	0	0	0	0	0	0	0	0
D:\publication\temp\ig-builds\fhir.org.nz.ig.base#3.1.0\input\pagecontent\StructureDefinition-nz-ethnicity-intro.md	702	-	-	-	0	0	0	0	0	0	0	0	0	0	0	0	0	0	0	0	0	0	0	0	0	0	0	0
D:\publication\temp\ig-builds\fhir.org.nz.ig.base#3.1.0\input\pagecontent\StructureDefinition-nz-geocode-intro.md	740	-	-	-	0	0	0	0	0	0	0	0	0	0	0	0	0	0	0	0	0	0	0	0	0	0	0	0
D:\publication\temp\ig-builds\fhir.org.nz.ig.base#3.1.0\input\pagecontent\StructureDefinition-nz-residency-status-intro.md	1345	-	-	-	0	0	0	0	0	0	0	0	0	0	0	0	0	0	0	0	0	1	0	0	0	0	0	0
D:\publication\temp\ig-builds\fhir.org.nz.ig.base#3.1.0\input\pagecontent\StructureDefinition-nzeps-long-term-medication-intro.md	348	-	-	-	0	0	0	0	0	0	0	0	0	0	0	0	0	0	0	0	0	0	0	0	0	0	0	0
D:\publication\temp\ig-builds\fhir.org.nz.ig.base#3.1.0\input\pagecontent\StructureDefinition-nzeps-supply-period-reason-intro.md	340	-	-	-	0	0	0	0	0	0	0	0	0	0	0	0	0	0	0	0	0	0	0	0	0	0	0	0
D:\publication\temp\ig-builds\fhir.org.nz.ig.base#3.1.0\input\pagecontent\StructureDefinition-nzeps-unusual-dose-quantity-intro.md	341	-	-	-	0	0	0	0	0	0	0	0	0	0	0	0	0	0	0	0	0	0	0	0	0	0	0	0
D:\publication\temp\ig-builds\fhir.org.nz.ig.base#3.1.0\input\pagecontent\StructureDefinition-nzpatient-summary.md	37	-	-	-	0	0	0	0	0	0	0	0	0	0	0	0	0	0	0	0	0	0	0	0	0	0	0	0
D:\publication\temp\ig-builds\fhir.org.nz.ig.base#3.1.0\input\pagecontent\StructureDefinition-pho-intro.md	495	-	-	-	0	0	0	0	0	0	0	0	0	0	0	0	0	0	0	0	0	0	0	0	0	0	0	0
D:\publication\temp\ig-builds\fhir.org.nz.ig.base#3.1.0\input\pagecontent\StructureDefinition-practitionerRole-creator-intro.md	547	-	-	-	0	0	0	0	0	0	0	0	0	0	0	0	0	0	0	0	0	1	0	0	0	0	0	0
D:\publication\temp\ig-builds\fhir.org.nz.ig.base#3.1.0\input\pagecontent\StructureDefinition-practitionerRole-status-reason-intro.md	545	-	-	-	0	0	0	0	0	0	0	0	0	0	0	0	0	0	0	0	0	0	0	0	0	0	0	0
D:\publication\temp\ig-builds\fhir.org.nz.ig.base#3.1.0\input\pagecontent\StructureDefinition-registration-initial-date-intro.md	436	-	-	-	0	0	0	0	0	0	0	0	0	0	0	0	0	0	0	0	0	0	0	0	0	0	0	0
D:\publication\temp\ig-builds\fhir.org.nz.ig.base#3.1.0\input\pagecontent\StructureDefinition-registration-status-code-intro.md	963	-	-	-	0	0	0	0	0	0	0	0	0	0	0	0	0	0	0	0	0	0	0	0	0	0	0	0
D:\publication\temp\ig-builds\fhir.org.nz.ig.base#3.1.0\input\pagecontent\StructureDefinition-scope-of-practice-intro.md	923	-	-	-	0	0	0	0	0	0	0	0	0	0	0	0	0	0	0	0	0	0	0	0	0	0	0	0
D:\publication\temp\ig-builds\fhir.org.nz.ig.base#3.1.0\input\pagecontent\StructureDefinition-sex-at-birth-intro.md	433	-	-	-	0	0	0	0	0	0	0	0	0	0	0	0	0	0	0	0	0	1	0	0	0	0	0	0
D:\publication\temp\ig-builds\fhir.org.nz.ig.base#3.1.0\input\pagecontent\StructureDefinition-suburb-intro.md	338	-	-	-	0	0	0	0	0	0	0	0	0	0	0	0	0	0	0	0	0	0	0	0	0	0	0	0
D:\publication\temp\ig-builds\fhir.org.nz.ig.base#3.1.0\input\pagecontent\terminology.md	2227	-	-	-	0	0	0	0	0	0	0	0	0	0	0	0	0	0	0	0	0	2	0	0	0	0	0	0
\template\config	0	-	-	-	0	0	0	0	0	0	0	0	0	0	0	0	0	0	0	0	0	1	0	0	0	0	0	0
D:\publication\temp\ig-builds\fhir.org.nz.ig.base#3.1.0\template\config\_config.yml	140	-	-	-	0	0	0	0	0	0	0	0	0	0	0	0	0	0	0	0	0	0	0	0	0	0	0	0
\input\images	0	-	-	-	0	0	0	0	0	0	0	0	0	0	0	0	0	0	0	0	0	0	0	0	0	0	0	0
D:\publication\temp\ig-builds\fhir.org.nz.ig.base#3.1.0\input\images\hl7nz-logo.jpg	719717	-	-	-	0	0	0	0	0	0	0	0	0	0	0	0	0	0	0	0	0	0	0	0	0	0	0	0
\temp\pages\_includes\artifacts.xml	66422	-	-	-	-	-	-	-	-	-	-	-	-	-	-	-	-	-	-	-	-	2	0	0	0	0	0	0
