URL,Version,Status,OIDs,Name,Title,Description,Uses,Used,Sources
http://hl7.org.nz/fhir/ValueSet/nz-relationship-type,1.1.0,active,,NzRelationshipType,NZ Relationship Type,"New Zealand relationship types, extending the HL7 related person relationship types with Māori concepts.","StructureDefinition/NzRelatedPerson","Internal"
http://hl7.org/fhir/ValueSet/address-type,4.0.1,active,"2.16.840.1.113883.4.642.3.69",AddressType,AddressType,"The type of an address (physical / postal).","StructureDefinition/NzAddress","hl7.fhir.r4.core"
http://hl7.org/fhir/ValueSet/address-use,4.0.1,active,"2.16.840.1.113883.4.642.3.67",AddressUse,AddressUse,"The use of an address.","StructureDefinition/NzAddress","hl7.fhir.r4.core"
http://hl7.org/fhir/ValueSet/administrative-gender,4.0.1,active,"2.16.840.1.113883.4.642.3.1",AdministrativeGender,AdministrativeGender,"The gender of a person used for administrative purposes.","StructureDefinition/NzRelatedPerson,StructureDefinition/sex-at-birth,StructureDefinition/NzPatient,StructureDefinition/NzPractitioner","hl7.fhir.r4.core"
http://hl7.org/fhir/ValueSet/body-site,4.0.1,draft,"2.16.840.1.113883.4.642.3.141",SNOMEDCTBodyStructures,SNOMED CT Body Structures,"This value set includes all codes from [SNOMED CT](http://snomed.info/sct) where concept is-a 442083009 (Anatomical or acquired body site (body structure)).","StructureDefinition/NzCondition","SCT"
http://hl7.org/fhir/ValueSet/c80-practice-codes,4.0.1,active,"2.16.840.1.113883.3.88.12.80.72",PracticeSettingCodeValueSet,Practice Setting Code Value Set,"This is the code representing the clinical specialty of the clinician or provider who interacted with, treated, or provided a service to/for the patient. The value set used for clinical specialty has been limited by HITSP to the value set reproduced from HITSP C80 Table 2-149 Clinical Specialty Value Set Definition.","StructureDefinition/NzHealthcareService,StructureDefinition/NzPractitionerRole","SCT"
http://hl7.org/fhir/ValueSet/condition-category,4.0.1,draft,"2.16.840.1.113883.4.642.3.162",ConditionCategoryCodes,Condition Category Codes,"Preferred value set for Condition Categories.","StructureDefinition/NzCondition","THO"
http://hl7.org/fhir/ValueSet/condition-clinical,4.0.1,draft,"2.16.840.1.113883.4.642.3.164",ConditionClinicalStatusCodes,Condition Clinical Status Codes,"Preferred value set for Condition Clinical Status.","StructureDefinition/NzCondition","THO"
http://hl7.org/fhir/ValueSet/condition-code,4.0.1,draft,"2.16.840.1.113883.4.642.3.161",Condition/Problem/DiagnosisCodes,Condition/Problem/Diagnosis Codes,"Example value set for Condition/Problem/Diagnosis codes.","StructureDefinition/NzMedicationRequest,StructureDefinition/NzMedicationStatement,StructureDefinition/NzCondition","SCT"
http://hl7.org/fhir/ValueSet/condition-severity,4.0.1,draft,"2.16.840.1.113883.4.642.3.168",Condition/DiagnosisSeverity,Condition/Diagnosis Severity,"Preferred value set for Condition/Diagnosis severity grading.","StructureDefinition/NzCondition","SCT"
http://hl7.org/fhir/ValueSet/condition-stage,4.0.1,draft,"2.16.840.1.113883.4.642.3.170",ConditionStage,Condition Stage,"Example value set for stages of cancer and other conditions.","StructureDefinition/NzCondition","SCT"
http://hl7.org/fhir/ValueSet/condition-stage-type,4.0.1,draft,"2.16.840.1.113883.4.642.3.171",ConditionStageType,Condition Stage Type,"Example value set for the type of stages of cancer and other conditions","StructureDefinition/NzCondition","SCT"
http://hl7.org/fhir/ValueSet/condition-ver-status,4.0.1,draft,"2.16.840.1.113883.4.642.3.166",ConditionVerificationStatus,ConditionVerificationStatus,"The verification status to support or decline the clinical status of the condition or diagnosis.","StructureDefinition/NzCondition","THO"
http://hl7.org/fhir/ValueSet/contact-point-system,4.0.1,active,"2.16.840.1.113883.4.642.3.71",ContactPointSystem,ContactPointSystem,"Telecommunications form for contact point.","StructureDefinition/NzContactPoint","hl7.fhir.r4.core"
http://hl7.org/fhir/ValueSet/contact-point-use,4.0.1,active,"2.16.840.1.113883.4.642.3.73",ContactPointUse,ContactPointUse,"Use of contact point.","StructureDefinition/NzContactPoint","hl7.fhir.r4.core"
http://hl7.org/fhir/ValueSet/contactentity-type,4.0.1,draft,"2.16.840.1.113883.4.642.3.416",ContactEntityType,Contact entity type,"This example value set defines a set of codes that can be used to indicate the purpose for which you would contact a contact party.","StructureDefinition/NzOrganization","THO"
http://hl7.org/fhir/ValueSet/coverage-copay-type,4.0.1,draft,"2.16.840.1.113883.4.642.3.527",CoverageCopayTypeCodes,Coverage Copay Type Codes,"This value set includes sample Coverage Copayment Type codes.","StructureDefinition/NzCoverage","THO"
http://hl7.org/fhir/ValueSet/coverage-financial-exception,4.0.1,draft,"2.16.840.1.113883.4.642.3.1328",ExampleCoverageFinancialExceptionCodes,Example Coverage Financial Exception Codes,"This value set includes Example Coverage Financial Exception Codes.","StructureDefinition/NzCoverage","THO"
http://hl7.org/fhir/ValueSet/days-of-week,4.0.1,active,"2.16.840.1.113883.4.642.3.512",DaysOfWeek,DaysOfWeek,"The days of the week.","StructureDefinition/NzHealthcareService,StructureDefinition/NzLocation,StructureDefinition/NzPractitionerRole","hl7.fhir.r4.core"
http://hl7.org/fhir/ValueSet/fm-status,4.0.1,draft,"2.16.840.1.113883.4.642.3.592",FinancialResourceStatusCodes,Financial Resource Status Codes,"This value set includes Status codes.","StructureDefinition/NzCoverage","hl7.fhir.r4.core"
http://hl7.org/fhir/ValueSet/identifier-type,4.0.1,active,"2.16.840.1.113883.4.642.3.45",Identifier Type Codes,IdentifierType,"A coded type for an identifier that can be used to determine which identifier to use for a specific purpose.","StructureDefinition/NzPatient","THO (V2)"
http://hl7.org/fhir/ValueSet/languages,4.0.1,draft,"2.16.840.1.113883.4.642.3.20",CommonLanguages,Common Languages,"This value set includes common codes from BCP-47 (http://tools.ietf.org/html/bcp47)","StructureDefinition/NzRelatedPerson,StructureDefinition/NzMedicationRequest,StructureDefinition/NzOrganization,StructureDefinition/NzCoverage,StructureDefinition/NzMedicationDispense,StructureDefinition/NzMedicationStatement,StructureDefinition/NzPractitioner,StructureDefinition/NzLocation,StructureDefinition/NzPractitionerRole,StructureDefinition/NzCondition,StructureDefinition/NzPatient,StructureDefinition/NzHealthcareService,StructureDefinition/NzMedication","Other"
http://hl7.org/fhir/ValueSet/link-type,4.0.1,active,"2.16.840.1.113883.4.642.3.423",LinkType,LinkType,"The type of link between this patient resource and another patient resource.","StructureDefinition/NzPatient","hl7.fhir.r4.core"
http://hl7.org/fhir/ValueSet/location-mode,4.0.1,draft,"2.16.840.1.113883.4.642.3.330",LocationMode,LocationMode,"Indicates whether a resource instance represents a specific location or a class of locations.","StructureDefinition/NzLocation","hl7.fhir.r4.core"
http://hl7.org/fhir/ValueSet/location-physical-type,4.0.1,draft,"2.16.840.1.113883.4.642.3.328",LocationType,Location type,"This example value set defines a set of codes that can be used to indicate the physical form of the Location.","StructureDefinition/NzLocation","THO"
http://hl7.org/fhir/ValueSet/location-status,4.0.1,draft,"2.16.840.1.113883.4.642.3.332",LocationStatus,LocationStatus,"Indicates whether the location is still in use.","StructureDefinition/NzLocation","hl7.fhir.r4.core"
http://hl7.org/fhir/ValueSet/manifestation-or-symptom,4.0.1,draft,"2.16.840.1.113883.4.642.3.169",ManifestationAndSymptomCodes,Manifestation and Symptom Codes,"Example value set for Manifestation and Symptom codes.","StructureDefinition/NzCondition","SCT"
http://hl7.org/fhir/ValueSet/marital-status,4.0.1,active,"2.16.840.1.113883.4.642.3.29",Marital Status Codes,MaritalStatus,"This value set defines the set of codes that can be used to indicate the marital status of a person.","StructureDefinition/NzPatient","THO (V3)"
http://hl7.org/fhir/ValueSet/medication-codes,4.0.1,draft,"2.16.840.1.113883.4.642.3.375",SNOMEDCTMedicationCodes,SNOMED CT Medication Codes,"This value set includes all drug or medicament substance codes and all pharmaceutical/biologic products from SNOMED CT - provided as an exemplar value set.","StructureDefinition/NzMedicationRequest,StructureDefinition/NzMedicationDispense,StructureDefinition/NzMedicationStatement","SCT"
http://hl7.org/fhir/ValueSet/medication-form-codes,4.0.1,draft,"2.16.840.1.113883.4.642.3.374",SNOMEDCTFormCodes,SNOMED CT Form Codes,"This value set includes all dose form codes from SNOMED CT - provided as an exemplar.","StructureDefinition/NzMedication","SCT"
http://hl7.org/fhir/ValueSet/medication-statement-category,4.0.1,draft,"2.16.840.1.113883.4.642.3.370",Medication usage category codes,Medication usage category codes,"Medication Status Codes","StructureDefinition/NzMedicationStatement","THO"
http://hl7.org/fhir/ValueSet/medication-statement-status,4.0.1,draft,"2.16.840.1.113883.4.642.3.367",Medication Status Codes,Medication  status  codes,"Medication Status Codes","StructureDefinition/NzMedicationStatement","hl7.fhir.r4.core"
http://hl7.org/fhir/ValueSet/medication-status,4.0.1,draft,"2.16.840.1.113883.4.642.3.376",Medication Status Codes,Medication  status  codes,"Medication Status Codes","StructureDefinition/NzMedication","hl7.fhir.r4.core"
http://hl7.org/fhir/ValueSet/medicationdispense-category,4.0.1,draft,"2.16.840.1.113883.4.642.3.1314",MedicationDispense Category Codes,Medication dispense  category  codes,"MedicationDispense Category Codes","StructureDefinition/NzMedicationDispense","THO"
http://hl7.org/fhir/ValueSet/medicationdispense-performer-function,4.0.1,draft,"2.16.840.1.113883.4.642.3.1318",MedicationDispense Performer Function Codes,Medication dispense  performer  function  codes,"MedicationDispense Performer Function Codes","StructureDefinition/NzMedicationDispense","THO"
http://hl7.org/fhir/ValueSet/medicationdispense-status,4.0.1,draft,"2.16.840.1.113883.4.642.3.1312",MedicationDispense Status Codes,Medication dispense  status  codes,"MedicationDispense Status Codes","StructureDefinition/NzMedicationDispense","THO"
http://hl7.org/fhir/ValueSet/medicationdispense-status-reason,4.0.1,draft,"2.16.840.1.113883.4.642.3.1316",MedicationDispense Status Reason Codes,Medication dispense  status  reason  codes,"MedicationDispense Status Codes","StructureDefinition/NzMedicationDispense","THO"
http://hl7.org/fhir/ValueSet/medicationrequest-category,4.0.1,draft,"2.16.840.1.113883.4.642.3.1322",medicationRequest Category Codes,Medication request  category  codes,"MedicationRequest Category Codes","StructureDefinition/NzMedicationRequest","THO"
http://hl7.org/fhir/ValueSet/medicationrequest-course-of-therapy,4.0.1,draft,"2.16.840.1.113883.4.642.3.1326",medicationRequest Course of Therapy Codes,Medication request  course of  therapy  codes,"MedicationRequest Course of Therapy Codes","StructureDefinition/NzMedicationRequest","THO"
http://hl7.org/fhir/ValueSet/medicationrequest-intent,4.0.1,draft,"2.16.840.1.113883.4.642.3.1321",medicationRequest Intent,Medication request  intent,"MedicationRequest Intent Codes","StructureDefinition/NzMedicationRequest","hl7.fhir.r4.core"
http://hl7.org/fhir/ValueSet/medicationrequest-status,4.0.1,draft,"2.16.840.1.113883.4.642.3.1320",medicationrequest Status,Medicationrequest  status,"MedicationRequest Status Codes","StructureDefinition/NzMedicationRequest","hl7.fhir.r4.core"
http://hl7.org/fhir/ValueSet/medicationrequest-status-reason,4.0.1,draft,"2.16.840.1.113883.4.642.3.1324",medicationRequest Status Reason Codes,Medication request  status  reason  codes,"MedicationRequest Status Reason Codes","StructureDefinition/NzMedicationRequest","THO"
http://hl7.org/fhir/ValueSet/name-use,4.0.1,active,"2.16.840.1.113883.4.642.3.65",NameUse,NameUse,"The use of a human name.","StructureDefinition/NzPatient","hl7.fhir.r4.core"
http://hl7.org/fhir/ValueSet/organization-type,4.0.1,draft,"2.16.840.1.113883.4.642.3.414",OrganizationType,Organization type,"This example value set defines a set of codes that can be used to indicate a type of organization.","StructureDefinition/NzOrganization","THO"
http://hl7.org/fhir/ValueSet/patient-contactrelationship,4.0.1,active,"2.16.840.1.113883.4.642.3.1130",PatientContactRelationship,Patient Contact Relationship ,"The nature of the relationship between the patient and the contact person.","StructureDefinition/NzPatient","THO (V2)"
http://hl7.org/fhir/ValueSet/performer-role,4.0.1,draft,"2.16.840.1.113883.4.642.3.433",ProcedurePerformerRoleCodes,Procedure Performer Role Codes,"This example value set defines the set of codes that can be used to indicate a role of a procedure performer.","StructureDefinition/NzMedicationRequest","SCT"
http://hl7.org/fhir/ValueSet/practitioner-role,4.0.1,draft,"2.16.840.1.113883.4.642.3.439",PractitionerRole,Practitioner role,"This example value set defines a set of codes that can be used to indicate the role of a Practitioner.","StructureDefinition/NzPractitionerRole","SCT,THO"
http://hl7.org/fhir/ValueSet/program,4.0.1,draft,"2.16.840.1.113883.4.642.3.1383",Program,Program,"This value set defines an example set of codes that could be can be used to classify groupings of service-types/specialties.","StructureDefinition/NzHealthcareService","THO"
http://hl7.org/fhir/ValueSet/reason-medication-status-codes,4.0.1,draft,"2.16.840.1.113883.4.642.3.369",SNOMEDCTDrugTherapyStatusCodes,SNOMED CT Drug Therapy Status codes ,"This value set includes some taken and not taken reason codes from SNOMED CT - provided as an exemplar","StructureDefinition/NzMedicationStatement","SCT"
http://hl7.org/fhir/ValueSet/relatedperson-relationshiptype,4.0.1,draft,"2.16.840.1.113883.4.642.3.449",PatientRelationshipType,Patient relationship type,"A set of codes that can be used to indicate the relationship between a Patient and a Related Person.","ValueSet/nz-relationship-type","THO (V3),THO (V2)"
http://hl7.org/fhir/ValueSet/request-priority,4.0.1,draft,"2.16.840.1.113883.4.642.3.115",RequestPriority,Request priority,"The clinical priority of a diagnostic order.","StructureDefinition/NzMedicationRequest","hl7.fhir.r4.core"
http://hl7.org/fhir/ValueSet/service-category,4.0.1,draft,"2.16.840.1.113883.4.642.3.516",ServiceCategory,Service category,"This value set defines an example set of codes that can be used to classify groupings of service-types/specialties.","StructureDefinition/NzHealthcareService","THO"
http://hl7.org/fhir/ValueSet/service-provision-conditions,4.0.1,draft,"2.16.840.1.113883.4.642.3.514",ServiceProvisionConditions,ServiceProvisionConditions,"The code(s) that detail the conditions under which the healthcare service is available/offered.","StructureDefinition/NzHealthcareService","THO"
http://hl7.org/fhir/ValueSet/service-referral-method,4.0.1,draft,"2.16.840.1.113883.4.642.3.510",ReferralMethod,ReferralMethod,"The methods of referral can be used when referring to a specific HealthCareService resource.","StructureDefinition/NzHealthcareService","THO"
http://hl7.org/fhir/ValueSet/service-type,4.0.1,draft,"2.16.840.1.113883.4.642.3.518",ServiceType,Service type,"This value set defines an example set of codes of service-types.","StructureDefinition/NzHealthcareService","THO"
http://hl7.org/fhir/ValueSet/subscriber-relationship,4.0.1,draft,"2.16.840.1.113883.4.642.3.1385",SubscriberRelationshipCodes,SubscriberPolicyholder Relationship Codes,"This value set includes codes for the relationship between the Subscriber and the Beneficiary (insured/covered party/patient).","StructureDefinition/NzCoverage","THO"
http://terminology.hl7.org/ValueSet/v2-0116,3.0.0,active,"2.16.840.1.113883.21.51",Hl7VSBedStatus,hl7VS-bedStatus,"Value Set of codes that specify the state of a bed in an inpatient setting, and is used to determine if a patient may be assigned to it or not.","StructureDefinition/NzLocation","THO (V2)"
http://terminology.hl7.org/ValueSet/v2-2.7-0360,0360,active,,v2.0360.2.7,v2 table 0360, Version 2.7,"FHIR Value set/code system definition for HL7 v2 table 0360 ver 2.9 ( Degree/License/Certificate)","StructureDefinition/NzPractitioner","THO (V2)"
http://terminology.hl7.org/ValueSet/v3-ActPharmacySupplyType,3.0.0,active,"2.16.840.1.113883.1.11.16208",ActPharmacySupplyType,ActPharmacySupplyType,"Identifies types of dispensing events","StructureDefinition/NzMedicationDispense","THO (V3)"
http://terminology.hl7.org/ValueSet/v3-ActSubstanceAdminSubstitutionCode,3.0.0,active,"2.16.840.1.113883.1.11.16621",ActSubstanceAdminSubstitutionCode,ActSubstanceAdminSubstitutionCode,"***No description***","StructureDefinition/NzMedicationRequest,StructureDefinition/NzMedicationDispense","THO (V3)"
http://terminology.hl7.org/ValueSet/v3-ServiceDeliveryLocationRoleType,3.0.0,active,"2.16.840.1.113883.1.11.17660",ServiceDeliveryLocationRoleType,ServiceDeliveryLocationRoleType,"A role of a place that further classifies the setting (e.g., accident site, road side, work site, community location) in which services are delivered.","StructureDefinition/NzLocation","THO (V3)"
http://terminology.hl7.org/ValueSet/v3-SubstanceAdminSubstitutionReason,3.0.0,active,"2.16.840.1.113883.1.11.19377",SubstanceAdminSubstitutionReason,SubstanceAdminSubstitutionReason,"***No description***","StructureDefinition/NzMedicationRequest,StructureDefinition/NzMedicationDispense","THO (V3)"
https://nzhts.digital.health.nz/fhir/ValueSet/acc-patient-occupation-code,1.0.0,active,,AccPatientOccupationValueSet,ACC Patient Occupation,"ValueSet of codes for classifying patient occupations, drawn from the ACC codeset","StructureDefinition/acc-patient-occupation","Internal"
https://nzhts.digital.health.nz/fhir/ValueSet/alias-type-code,1.0.0,active,,AliasType,Alias types,"The complete set of alias types that apply to Locations and Organizations","StructureDefinition/alias-type","Internal"
https://nzhts.digital.health.nz/fhir/ValueSet/contact-point-purpose-code,1.0.0,active,,ContactPointPurpose,ContactPoint purpose,"The purpose of a ContactPoint - what it is used for.","StructureDefinition/contactpoint-purpose","Internal"
https://nzhts.digital.health.nz/fhir/ValueSet/coverage-category-code,1.0.0,active,,CoverageCategory,Coverage Category,"New Zealand codes for Coverage category types","StructureDefinition/NzCoverage","Internal"
https://nzhts.digital.health.nz/fhir/ValueSet/coverage-type-code,1.1.0,active,,CoverageType,Coverage Type,"New Zealand codes for Coverage Types","StructureDefinition/NzCoverage","Internal"
https://nzhts.digital.health.nz/fhir/ValueSet/dhb-code,1.0.0,active,,DHB,District Health Board Identifer,"District Health Board Identifer. Assigned by the HPI.","StructureDefinition/dhb","Internal"
https://nzhts.digital.health.nz/fhir/ValueSet/dod-information-source-code,1.0.0,active,,DodInformationSource,Death date Information Source,"The source from where the date of death was sourced.","StructureDefinition/death-date","Internal"
https://nzhts.digital.health.nz/fhir/ValueSet/domicile-code,3.0,active,,DomicileCode,Domicile Code,"Domicile Code","StructureDefinition/domicile-code","Internal"
https://nzhts.digital.health.nz/fhir/ValueSet/ethnic-group-level-4-code,2.1.0,active,,Ethnicity,Ethnicity of a person (L4),"Codes to record a person's ethnicity, drawn from [Level 4 of the Ethnicity code system](http://aria.stats.govt.nz/aria/#ClassificationView:uri=http://stats.govt.nz/cms/ClassificationVersion/YVqOcFHSlguKkT17)","StructureDefinition/nz-ethnicity","Internal"
https://nzhts.digital.health.nz/fhir/ValueSet/funded-programme-code,1.0.0,active,,FundedProgramme,Funded Programme,"Codes to describe NZ-specific types of funded programmes","StructureDefinition/funded-programme","Internal"
https://nzhts.digital.health.nz/fhir/ValueSet/hpi-practitioner-role-status-reason-code,1.0.0,active,,PractitionerRoleStatusReason,PractitionerRole status reason,"The reason for the current status of PractitionerRole","StructureDefinition/practitionerRole-status-reason","Internal"
https://nzhts.digital.health.nz/fhir/ValueSet/information-source-code,1.0.0,active,,InformationSource,Information Source,"The source from where the value of this item was sourced","StructureDefinition/information-source,StructureDefinition/nz-residency,StructureDefinition/nz-citizenship","Internal"
https://nzhts.digital.health.nz/fhir/ValueSet/iwi-code,2.1.0,active,,Iwi,Iwi,"New Zealand iwi codes. The 2 digit codes are abstract codes and provided in the expansion for navigational purposes. Users should not select an abstract code directly as a proper value.","StructureDefinition/nz-iwi","Internal"
https://nzhts.digital.health.nz/fhir/ValueSet/maori-descent,1.0.0,active,,MaoriDescent,Māori descent,"Codes indicating whether a person is of Māori descent","StructureDefinition/maori-descent","Internal"
https://nzhts.digital.health.nz/fhir/ValueSet/nhi-use-code,1.0.0,active,,NHIUse,Valid use values for NHI,"NHI Use codes","StructureDefinition/NzPatient","hl7.fhir.r4.core"
https://nzhts.digital.health.nz/fhir/ValueSet/nz-citizenship-status-code,1.1.0,active,,CitizenshipStatus,NZ Citizenship status,"Citizenship status","StructureDefinition/nz-citizenship","Internal"
https://nzhts.digital.health.nz/fhir/ValueSet/nz-datum-code,1.0.0,active,,DatumCode,Datum code,"Datum codes used","StructureDefinition/nz-geocode","Internal"
https://nzhts.digital.health.nz/fhir/ValueSet/nz-ethnic-group-code,2.1.0,active,,Ethnicityfull,Ethnicity of a person (full),"Ethnicity New Zealand Standard Classification 2005. Ethnicity is the ethnic group or groups that people identify with or feel they belong to. This ValueSet contains all levels of classification.",,"Internal"
https://nzhts.digital.health.nz/fhir/ValueSet/nz-residency-code,1.1.0,active,,NZResidency,NZ Residency status,"Is the person a NZ resident","StructureDefinition/nz-residency","Internal"
https://nzhts.digital.health.nz/fhir/ValueSet/pho-code,1.1.0,active,,PHO,PHO,"Primary Healthcare Organization","StructureDefinition/pho","Internal"
https://nzhts.digital.health.nz/fhir/ValueSet/practitioner-additional-authorisation-code,1.0.1,active,,PractitionerAdditionalAuthorisationCode,Additional Practitioner authorisations,"A coded type for additional authorisations","StructureDefinition/additional-authorisation","Internal"
https://nzhts.digital.health.nz/fhir/ValueSet/practitioner-registration-status-code,2.0,active,,PractitionerRegistrationStatusCode,Registration Status of Practitioners,"The code list represents the current practicing status of the Provider Person as per their registration with an RA.","StructureDefinition/registration-status-code","Internal"
https://nzhts.digital.health.nz/fhir/ValueSet/practitioner-scope-of-practice-code,2.1.0,active,,PractitionerScopeOfPractice,Scope of practice,"A coded type for professional scope of practice.","StructureDefinition/scope-of-practice","Internal"
